{"cameraMode":{"drawMode":0,"name":"Shaded","section":"Shading Mode"},"sceneLighting":true,"audioPlay":false,"sceneViewState":{"m_AlwaysRefresh":false,"showFog":true,"showSkybox":true,"showFlares":true,"showImageEffects":true,"showParticleSystems":true,"showVisualEffectGraphs":true,"m_FxEnabled":true},"in2DMode":false,"pivot":{"x":-12.005327224731446,"y":-16.10944175720215,"z":-206.80589294433595},"rotation":{"x":-0.007009387481957674,"y":0.9770714044570923,"z":-0.2116287648677826,"w":-0.030758552253246309},"size":24.94826316833496,"orthographic":false}